immatriculation,vehicule_id,marque,modele,type_vehicule,n_chassis,centre_service,localite,puissance_cv,imputation,date_premiere_circulation,annee_mise_en_service,date_acquisition,valeur_acquisition_fcfa,combustible,conso_nominale_l_100km,km_initial,date_visite_technique,etat_visite_technique,prochaine_visite_technique,date_souscription_assurance,etat_assurance,renouvellement_assurance,date_admission_temporaire,etat_at,renouvellement_at,etat_carte_grise,etat_vehicule,remarques
WV-IT-569,WV-IT-569,TOYOTA,HILUX,Voiture,AHTKB8CD002969157,DKR,BUREAU NATIONAL,12,Projet NTD,3/26/2019,2019,6/6/2018,0,Gasoil,10,0,10/18/2025,BON,10/18/2026,10/6/2026,BON,10/6/2027,2/17/2025,BON,2/17/2026,BON,Fonctionnel,
WV-IT-517,WV-IT-517,TOYOTA,LC PRADO TX,Voiture,JTEBD9FJ20K019411,DKR,BUREAU NATIONAL,12,Projet PINGS,2/5/2016,2016,5/2/2016,0,Gasoil,10,0,6/14/2023,PAS BON,6/14/2024,1/1/2024,PAS BON,1/1/2025,2/26/2024,BON,2/26/2025,PAS BON,Fonctionnel,
WV-IT-680,WV-IT-680,TOYOTA,HILUX,Voiture,AHTKB8CD202984789,DKR,BUREAU NATIONAL,12,Administration,5/30/2023,2023,5/30/2022,0,Gasoil,10,0,,NEUF,,1/1/2024,BON,1/1/2025,6/6/2025,BON,6/6/2026,,Fonctionnel,
WVTEST3,WVTEST3,TOYOTA,LAND CRUISER,Voiture,JTEBR9FJ00K25TEST,DKR,BUREAU NATIONAL,12,WASH,7/6/2023,2023,5/16/2022,0,Super,10,0,6/25/2026,PAS BON,6/25/2027,1/1/2025,BON,1/1/2026,6/6/2025,BON,6/6/2026,PAS BON,Fonctionnel,TEST2 d'Ajout de voiture
WV-IT-551,WV-IT-551,TOYOTA,HILUX,Voiture,AHTFK8CD900323385,Kaffrine,Zone Centre,12,KAFFRINE,5/29/2018,2018,2/28/2018,0,Gasoil,10,0,12/19/2023,BON,12/19/2024,2/1/2025,BON,2/1/2026,,BON,,,Fonctionnel,
WV-IT-552,WV-IT-552,TOYOTA,HILUX,Voiture,AHTFK08CD000323,Kaffrine,Zone Centre,12,WASH,5/29/2018,2018,2/28/2018,0,Gasoil,10,0,6/2/2026,BON,6/2/2027,2/1/2026,BON,2/1/2027,4/24/2027,BON,4/24/2028,BON,Fonctionnel,
WV-IT-567,WV-IT-567,TOYOTA,PRADO,Voiture,JTEBD9FJ10K023224,Kaffrine,Zone Centre,12,Administration,3/26/2019,2019,1/31/2019,0,Gasoil,10,0,3/16/2024,BON,3/16/2025,1/1/2024,BON,1/1/2025,2/20/2023,BON,2/20/2024,,Fonctionnel,
WV-IT-568,WV-IT-568,TOYOTA,HILUX,Voiture,AHTKB8CD202969130,Tamba,Zone Centre,12,THRIVE DKR,3/26/2019,2019,1/31/2019,0,Gasoil,10,0,10/8/2026,BON,10/8/2027,1/1/2024,BON,1/1/2025,,BON,,BON,Fonctionnel,
WV-IT-575,WV-IT-575,TOYOTA,HILUX,Voiture,AHTKK8CD100680176,Fatick,Zone Centre,12,PAF,10/8/2020,2020,1/31/2020,0,Gasoil,10,0,12/12/2026,BON,12/12/2027,1/1/2024,BON,1/1/2025,12/25/2023,BON,12/25/2024,BON,Fonctionnel,Voiture Garee
WV-IT-534,WV-IT-534,TOYOTA,PRADO,Voiture,JTTEBD9FJ40K021287,DKR,BUREAU NATIONAL,12,Administration,,2026,9/6/2017,0,Gasoil,10,0,2/9/2026,BON,2/9/2027,1/31/2027,BON,1/31/2028,5/13/2025,BON,5/13/2026,PAS BON,Fonctionnel,Voiture Garee
WV-IT-562,WV-IT-562,TOYOTA,HILUX,Voiture,AHTKB8CD502969333,Kaffrine,Zone Centre,12,AP KAFFRINE,,2026,12/19/2018,0,Gasoil,10,0,,,,1/1/2024,PAS BON,1/1/2025,,BON,,PAS BON,Non Fonctionnel,
WV-IT-519,WV-IT-519,TOYOTA,Hilux DLC,Voiture,AHTKBBCD702987297,Tamba,Zone Centre,12,,,2026,,0,Gasoil,10,0,,PAS BON,,2/1/2025,PAS BON,2/1/2026,,BON,,PAS BON,Non Fonctionnel,VŽhicule garŽ
WV-IT-514,WV-IT-514,TOYOTA,LAND CRUISER HARDTOP 78,Voiture,JTERB71J800083349,Tamba,Zone Centre,17,AP Tamba,7/17/2016,2016,1/19/2016,0,Gasoil,10,0,8/31/2023,PAS BON,8/31/2024,2/1/2026,BON,2/1/2027,2/13/2024,BON,2/13/2025,PAS BON,Fonctionnel,A T en cours
WV-IT-692,WV-IT-692,TOYOTA,LAND CRUISER HARDTOP,Voiture,JTEB71J40F024181,KDG,ZONE SUD,17,Kedougou,12/11/2023,2023,10/1/2023,0,Gasoil,10,0,,BON,,2/1/2026,BON,2/1/2027,,BON,,BON,Fonctionnel,
WV-IT-561,WV-IT-561,TOYOTA,HILUX,Voiture,AHTKB8CD00296965,Kolda,Zone Sud,10,WASH,3/4/2019,2019,2/19/2019,0,Gasoil,10,0,5/5/2026,BON,5/5/2027,,BON,,11/10/2026,BON,11/10/2027,BON,Fonctionnel,
WV-IT-563,WV-IT-563,TOYOTA,LAND CRUISER HARDTOP ,Voiture,JTEEB71J9070441,KDG,ZONE SUD,17,,3/4/2019,2019,3/4/2019,0,Gasoil,10,0,2/29/2024,PAS BON,2/28/2025,,PAS BON,,1/15/2024,PAS BON,1/15/2025,PAS BON,Non Fonctionnel,
AA-888-QG,AA-888-QG,YAMAHA,MOTORCYCLE,Moto,ME1UE2712P0096929,Kaffrine,Zone Centre,0,,,2026,12/14/2023,0,Super,10,0,,,,,,,,,,,Fonctionnel,
AA-846-QG,AA-846-QG,YAMAHA,MOTORCYCLE,Moto,ME1UE2712P0096682,Kaffrine,Zone Centre,0,,,2026,12/14/2023,0,Super,10,0,,,,,,,,,,,Fonctionnel,
AA-881-QG,AA-881-QG,YAMAHA,MOTORCYCLE,Moto,ME1UE2712P0096843,Kaffrine,Zone Centre,0,,,2026,12/14/2023,0,Super,10,0,,,,,,,,,,,Fonctionnel,
AA-892-QG,AA-892-QG,YAMAHA,MOTORCYCLE,Moto,ME1UE2712P0096683,Kaffrine,Zone Centre,0,,,2026,12/14/2023,0,Super,10,0,,,,,,,,,,,Fonctionnel,
AA-840-QG,AA-840-QG,YAMAHA,MOTORCYCLE,Moto,ME1UE2712P0096696,Kaffrine,Zone Centre,0,,,2026,12/14/2023,0,Super,10,0,,,,,,,,,,,Fonctionnel,
AA-865-QG,AA-865-QG,YAMAHA,MOTORCYCLE,Moto,ME1UE2712P0096701,Kaffrine,Zone Centre,0,,,2026,12/14/2023,0,Super,10,0,,,,,,,,,,,Fonctionnel,
AA-218-QX,AA-218-QX,YAMAHA,MOTORCYCLE,Moto,MKZS3N1H6PJ042514,Kaffrine,Zone Centre,0,,,2026,1/26/2024,0,Super,10,0,,,,,,,,,,,Fonctionnel,
AA-210-PJ,AA-210-PJ,YAMAHA,MOTORCYCLE,Moto,MKZS3N1H6NJ004212,Kaffrine,Zone Centre,0,,,2026,10/9/2023,0,Super,10,0,,,,,,,,,,,Fonctionnel,
AA-242-PJ,AA-242-PJ,YAMAHA,MOTORCYCLE,Moto,MKZS3N1H6NJ009975,Kaffrine,Zone Centre,0,,,2026,10/10/2023,0,Super,10,0,,,,,,,,,,,Fonctionnel,
AA-240-PJ,AA-240-PJ,YAMAHA,MOTORCYCLE,Moto,MKZS3N1H6NJ002700,Kaffrine,Zone Centre,0,,,2026,10/9/2023,0,Super,10,0,,,,,,,,,,,Fonctionnel,
AA-369-QX,AA-369-QX,YAMAHA,MOTORCYCLE,Moto,MKZS3N1H6PJ042463,Kaffrine,Zone Centre,0,,,2026,1/26/2025,0,Super,10,0,,,,,,,,,,,Fonctionnel,
AA-126-QX,AA-126-QX,YAMAHA,MOTORCYCLE,Moto,MKZS3N1H6PJ042629,Kaffrine,Zone Centre,0,,,2026,12/14/2023,0,Super,10,0,,,,,,,,,,,Fonctionnel,
WV-IT-688,WV-IT-688,YAMAHA,MOTORCYCLE,Moto,,nan,ZONE CENTRE,0,,,2026,,0,,10,0,,,,,,,,,,,Fonctionnel,
AA-737-NW,AA-737-NW,YAMAHA,MOTORCYCLE,Moto,,nan,ZONE CENTRE,0,,,2026,,0,,10,0,,,,,,,,,,,Fonctionnel,
WV-IT-571,WV-IT-571,YAMAHA,MOTORCYCLE,Moto,LBPKE1355K0066283,Kaffrine,Zone Centre,0,,,2026,7/29/2024,0,Super,10,0,,,,,,,,,,,Fonctionnel,
WV-IT-570,WV-IT-570,YAMAHA,MOTORCYCLE,Moto,LBPKE1353K0066265,Kaffrine,Zone Centre,0,,,2026,7/29/2024,0,Super,10,0,,,,,,,,,,,Fonctionnel,
AA-903-QG,AA-903-QG,YAMAHA,MOTORCYCLE,Moto,ME1UE2712P0096680,Kaffrine,Zone Centre,0,,,2026,12/14/2023,0,Super,10,0,,,,,,,,,,,Fonctionnel,
AA-907-QG,AA-907-QG,YAMAHA,MOTORCYCLE,Moto,,nan,ZONE CENTRE,0,,,2026,,0,,10,0,,,,,,,,,,,Fonctionnel,
AA-908-QG,AA-908-QG,YAMAHA,MOTORCYCLE,Moto,ME1UE2712P0096688,Kaffrine,Zone Centre,0,,,2026,12/14/2023,0,Super,10,0,,,,,,,,,,,Fonctionnel,
AA-902-QG,AA-902-QG,YAMAHA,MOTORCYCLE,Moto,ME1UE2712P0096945,Kaffrine,Zone Centre,0,,,2026,12/14/2023,0,Super,10,0,,,,,,,,,,,Fonctionnel,
AA-340-QK,AA-340-QK,YAMAHA,MOTORCYCLE,Moto,ME1UE2712P0096661,Kaffrine,Zone Centre,0,,,2026,2/22/2024,0,Super,10,0,,,,,,,,,,,Fonctionnel,
AA-280-QK,AA-280-QK,YAMAHA,MOTORCYCLE,Moto,ME1UE2712P0096665,Kaffrine,Zone Centre,0,,,2026,2/22/2024,0,Super,10,0,,,,,,,,,,,Fonctionnel,
AA-345-QK,AA-345-QK,YAMAHA,MOTORCYCLE,Moto,ME1UE27129P006654,Kaffrine,Zone Centre,0,,,2026,2/22/2024,0,Super,10,0,,,,,,,,,,,Fonctionnel,
AA-278-QK,AA-278-QK,YAMAHA,MOTORCYCLE,Moto,ME1UE2712P0096663,Kaffrine,Zone Centre,0,,,2026,2/22/2024,0,Super,10,0,,,,,,,,,,,Fonctionnel,
AA-283-QK,AA-283-QK,YAMAHA,MOTORCYCLE,Moto,ME1UE2712P0096666,Kaffrine,Zone Centre,0,,,2026,2/22/2024,0,Super,10,0,,,,,,,,,,,Fonctionnel,
AA-288-QK,AA-288-QK,YAMAHA,MOTORCYCLE,Moto,ME1UE2712P0096649,Kaffrine,Zone Centre,0,,,2026,2/22/2024,0,Super,10,0,,,,,,,,,,,Fonctionnel,
AA-373-QK,AA-373-QK,YAMAHA,MOTORCYCLE,Moto,ME1UE2712P0096652,Kaffrine,Zone Centre,0,,,2026,2/22/2024,0,Super,10,0,,,,,,,,,,,Fonctionnel,
AA-336-QK,AA-336-QK,YAMAHA,MOTORCYCLE,Moto,ME1UE2712P0096644,Kaffrine,Zone Centre,0,,,2026,2/21/2024,0,Super,10,0,,,,,,,,,,,Fonctionnel,
AA-284-QK,AA-284-QK,YAMAHA,MOTORCYCLE,Moto,ME1UE2712P0096633,Kaffrine,Zone Centre,0,,,2026,,0,,10,0,,,,,,,,,,,Fonctionnel,
AA-739-NW,AA-739-NW,YAMAHA,MOTORCYCLE,Moto,,nan,ZONE CENTRE,0,,,2026,,0,,10,0,,,,,,,,,,,Fonctionnel,
AA-744-NW,AA-744-NW,YAMAHA,MOTORCYCLE,Moto,,nan,ZONE CENTRE,0,,,2026,,0,,10,0,,,,,,,,,,,Fonctionnel,
AA-748-NW,AA-748-NW,YAMAHA,MOTORCYCLE,Moto,,nan,ZONE CENTRE,0,,,2026,,0,,10,0,,,,,,,,,,,Fonctionnel,
AA-170-QY,AA-170-QY,YAMAHA,MOTORCYCLE,Moto,ME1UE2712P0096971,Kaffrine,Zone Centre,0,,,2026,3/27/2024,0,Super,10,0,,,,,,,,,,,Fonctionnel,
AA-949-QX,AA-949-QX,YAMAHA,MOTORCYCLE,Moto,ME1UE2712P0097057,Kaffrine,Zone Centre,0,,,2026,3/27/2024,0,Super,10,0,,,,,,,,,,,Fonctionnel,
AA-945-QX,AA-945-QX,YAMAHA,MOTORCYCLE,Moto,ME1UE2712P0097056,Kaffrine,Zone Centre,0,,,2026,3/27/2024,0,Super,10,0,,,,,,,,,,,Fonctionnel,
AA-941-QX,AA-941-QX,YAMAHA,MOTORCYCLE,Moto,ME1UE2712P009699,Kaffrine,Zone Centre,0,,,2026,3/27/2024,0,Super,10,0,,,,,,,,,,,Fonctionnel,
AA-986-QX,AA-986-QX,YAMAHA,MOTORCYCLE,Moto,ME1UE2712P0097048,Kaffrine,Zone Centre,0,,,2026,3/27/2024,0,Super,10,0,,,,,,,,,,,Fonctionnel,
AA-155-QY,AA-155-QY,YAMAHA,MOTORCYCLE,Moto,ME1UE2712P0097028,Kaffrine,Zone Centre,0,,,2026,3/27/2024,0,Super,10,0,,,,,,,,,,,Fonctionnel,
AA-934-QX,AA-934-QX,YAMAHA,MOTORCYCLE,Moto,ME1UE2712P0097041,Kaffrine,Zone Centre,0,,,2026,3/27/2024,0,Super,10,0,,,,,,,,,,,Fonctionnel,
AA-979-QX,AA-979-QX,YAMAHA,MOTORCYCLE,Moto,ME1UE2712P0097033,Kaffrine,Zone Centre,0,,,2026,3/27/2024,0,Super,10,0,,,,,,,,,,,Fonctionnel,
AA-951-QX,AA-951-QX,YAMAHA,MOTORCYCLE,Moto,ME1UE2712P0097029,Kaffrine,Zone Centre,0,,,2026,3/27/2024,0,Super,10,0,,,,,,,,,,,Fonctionnel,
AA-728-RH,AA-728-RH,YAMAHA,MOTORCYCLE,Moto,ME1UE2713P0098807,Kaffrine,Zone Centre,0,,,2026,3/27/2024,0,Super,10,0,,,,,,,,,,,Fonctionnel,
AA-831-RH,AA-831-RH,YAMAHA,MOTORCYCLE,Moto,ME1UE2713P0098794,Kaffrine,Zone Centre,0,,,2026,3/27/2024,0,Super,10,0,,,,,,,,,,,Fonctionnel,
AA-833-RH,AA-833-RH,YAMAHA,MOTORCYCLE,Moto,ME1UE2713P0098788,Kaffrine,Zone Centre,0,,,2026,3/27/2024,0,Super,10,0,,,,,,,,,,,Fonctionnel,
WV-IT-685,WV-IT-685,YAMAHA,MOTORCYCLE,Moto,LBPKE135XN0084279,Kaffrine,Zone Centre,0,,,2026,7/29/2024,0,Super,10,0,,,,,,,,,,,Fonctionnel,
WV-IT-639,WV-IT-639,YAMAHA,,Moto,,nan,ZONE CENTRE,0,,,2026,,0,,10,0,,,,,,,,,,,Fonctionnel,
WV-IT-640,WV-IT-640,YAMAHA,,Moto,,nan,ZONE CENTRE,0,,,2026,,0,,10,0,,,,,,,,,,,Fonctionnel,
WV-IT-574,WV-IT-574,TOYOTA,HILUX,Voiture,LAN125L1000680204,Fatick,Zone Centre,12,,,2026,,0,Gasoil,10,0,12/12/2026,BON,12/12/2027,6/30/2026,BON,6/30/2027,4/7/2027,BON,4/7/2028,BON,Fonctionnel,
WV-IT-633,WV-IT-633,YAMAHA,,Moto,,nan,ZONE CENTRE,0,,,2026,,0,,10,0,,,,,,,,,,,Fonctionnel,
WV-IT-636,WV-IT-636,YAMAHA,,Moto,,nan,ZONE CENTRE,0,,,2026,,0,,10,0,,,,,,,,,,,Fonctionnel,
WV-IT-582,WV-IT-582,YAMAHA,,Moto,,nan,ZONE CENTRE,0,,,2026,,0,,10,0,,,,,,,,,,,Fonctionnel,
WV-IT-602,WV-IT-602,YAMAHA,,Moto,,nan,ZONE CENTRE,0,,,2026,,0,,10,0,,,,,,,,,,,Fonctionnel,
WV-IT-578,WV-IT-578,YAMAHA,,Moto,,nan,ZONE CENTRE,0,,,2026,,0,,10,0,,,,,,,,,,,Fonctionnel,
WV-IT-599,WV-IT-599,YAMAHA,,Moto,,nan,ZONE CENTRE,0,,,2026,,0,,10,0,,,,,,,,,,,Fonctionnel,
WV-IT-604,WV-IT-604,YAMAHA,,Moto,,nan,ZONE CENTRE,0,,,2026,,0,,10,0,,,,,,,,,,,Fonctionnel,
WV-IT-603,WV-IT-603,YAMAHA,,Moto,,nan,ZONE CENTRE,0,,,2026,,0,,10,0,,,,,,,,,,,Fonctionnel,
WV-IT-585,WV-IT-585,YAMAHA,,Moto,,nan,ZONE CENTRE,0,,,2026,,0,,10,0,,,,,,,,,,,Fonctionnel,
WV-IT-579,WV-IT-579,YAMAHA,MOTORCYCLE,Moto,,nan,ZONE CENTRE,0,,,2026,,0,,10,0,,,,,,,,,,,Fonctionnel,
WV-IT-483,WV-IT-483,TOYOTA,LAND CRUISER HARDTOP,Voiture,,Kedougou,Zone Sud,0,,,2026,,0,Gasoil,10,0,,PAS BON,,,PAS BON,,,BON,,PAS BON,Non Fonctionnel,
WV-IT-691,WV-IT-691,TOYOTA,HILUX,Voiture,AHTKB8CD902987298,Kolda,Zone Sud,12,,12/12/2023,2023,12/12/2023,0,Gasoil,10,0,,NEUF,,2/1/2026,BON,2/1/2027,,BON,,BON,Fonctionnel,
WV-IT-529,WV-IT-529,TOYOTA,HILUX,Voiture,AHTK8CD6001021951,Kolda,Zone Sud,0,,9/28/2017,2017,11/11/2016,0,Gasoil,10,0,6/22/2027,BON,6/22/2028,2/1/2026,BON,2/1/2027,,BON,,BON,Fonctionnel,
WV-IT-564,WV-IT-564,TOYOTA,HILUX,Voiture,AHTKB8CDX02969439,Kolda,Zone Sud,0,,,2026,2/19/2019,0,Gasoil,10,0,,PAS BON,,2/1/2026,BON,2/1/2027,,BON,,PAS BON,Fonctionnel,En panne
WV-IT-527,WV-IT-527,TOYOTA,LAND CRUISER HARDTOP,Voiture,,nan,ZONE SUD,0,,,2026,,0,,10,0,,,,,,,,,,,Fonctionnel,
WV-IT-518,WV-IT-518,TOYOTA,LAND CRUISER HARDTOP,Voiture,HZJ76L07031609,Kolda,Zone Sud,17,,,2026,,0,Gasoil,10,0,,,,,PAS BON,,,BON,,PAS BON,Non Fonctionnel,En panne
WV-IT-663,WV-IT-663,Suzuki,MOTORCYCLE,Moto,,nan,ZONE SUD,0,,,2026,,0,,10,0,,,,,,,,,,,Fonctionnel,
WV-IT-664,WV-IT-664,Suzuki,MOTORCYCLE,Moto,,nan,ZONE SUD,0,,,2026,,0,,10,0,,,,,,,,,,,Fonctionnel,
WV-IT-665,WV-IT-665,Suzuki,MOTORCYCLE,Moto,,nan,ZONE SUD,0,,,2026,,0,,10,0,,,,,,,,,,,Fonctionnel,
WV-IT-660,WV-IT-660,Suzuki,MOTORCYCLE,Moto,,nan,ZONE SUD,0,,,2026,,0,,10,0,,,,,,,,,,,Fonctionnel,
WV-IT-684,WV-IT-684,YAMAHA,MOTORCYCLE,Moto,,nan,ZONE SUD,0,,,2026,,0,,10,0,,,,,,,,,,,Fonctionnel,
81787,81787,YAMAHA,MOTORCYCLE,Moto,81787,nan,ZONE SUD,0,,,2026,,0,,10,0,,,,,,,,,,,Fonctionnel,
AA-423-NX,AA-423-NX,YAMAHA,MOTORCYCLE,Moto,,nan,ZONE SUD,0,,,2026,,0,,10,0,,,,,,,,,,,Fonctionnel,
AA-425-NX,AA-425-NX,YAMAHA,MOTORCYCLE,Moto,,nan,ZONE SUD,0,,,2026,,0,,10,0,,,,,,,,,,,Fonctionnel,
AA-471-NX,AA-471-NX,YAMAHA,MOTORCYCLE,Moto,,nan,ZONE SUD,0,,,2026,,0,,10,0,,,,,,,,,,,Fonctionnel,
AA-488-QH,AA-488-QH,YAMAHA,MOTORCYCLE,Moto,,nan,ZONE SUD,0,,,2026,,0,,10,0,,,,,,,,,,,Fonctionnel,
AA-657-NW,AA-657-NW,YAMAHA,MOTORCYCLE,Moto,,nan,ZONE SUD,0,,,2026,,0,,10,0,,,,,,,,,,,Fonctionnel,
AA-746-NW,AA-746-NW,YAMAHA,MOTORCYCLE,Moto,,nan,ZONE SUD,0,,,2026,,0,,10,0,,,,,,,,,,,Fonctionnel,
AA-752-NW,AA-752-NW,YAMAHA,MOTORCYCLE,Moto,,nan,ZONE SUD,0,,,2026,,0,,10,0,,,,,,,,,,,Fonctionnel,
AA-973-NW,AA-973-NW,YAMAHA,MOTORCYCLE,Moto,,nan,ZONE SUD,0,,,2026,,0,,10,0,,,,,,,,,,,Fonctionnel,
AA-735-NW,AA-735-NW,YAMAHA,MOTORCYCLE,Moto,,nan,ZONE SUD,0,,,2026,,0,,10,0,,,,,,,,,,,Fonctionnel,
AA-728-NW,AA-728-NW,YAMAHA,MOTORCYCLE,Moto,,nan,ZONE SUD,0,,,2026,,0,,10,0,,,,,,,,,,,Fonctionnel,
AA-683-NW,AA-683-NW,YAMAHA,MOTORCYCLE,Moto,,nan,ZONE SUD,0,,,2026,,0,,10,0,,,,,,,,,,,Fonctionnel,
AA-983-NW,AA-983-NW,YAMAHA,MOTORCYCLE,Moto,,nan,ZONE SUD,0,,,2026,,0,,10,0,,,,,,,,,,,Fonctionnel,
WV-IT-686,WV-IT-686,YAMAHA,MOTORCYCLE,Moto,,nan,ZONE SUD,0,,,2026,,0,,10,0,,,,,,,,,,,Fonctionnel,
WV-IT-687,WV-IT-687,YAMAHA,MOTORCYCLE,Moto,,nan,ZONE SUD,0,,,2026,,0,,10,0,,,,,,,,,,,Fonctionnel,
WV-IT-689,WV-IT-689,YAMAHA,MOTORCYCLE,Moto,,nan,ZONE SUD,0,,,2026,,0,,10,0,,,,,,,,,,,Fonctionnel,
AA-286-TE,AA-286-TE,YAMAHA,MOTORCYCLE,Moto,,nan,ZONE SUD,0,,,2026,,0,,10,0,,,,,,,,,,,Fonctionnel,
AA-853-QG,AA-853-QG,YAMAHA,MOTORCYCLE,Moto,,nan,ZONE SUD,0,,,2026,,0,,10,0,,,,,,,,,,,Fonctionnel,
AA-905-QG,AA-905-QG,YAMAHA,MOTORCYCLE,Moto,,nan,ZONE SUD,0,,,2026,,0,,10,0,,,,,,,,,,,Fonctionnel,
AA-497-QG,AA-497-QG,YAMAHA,MOTORCYCLE,Moto,,nan,ZONE SUD,0,,,2026,,0,,10,0,,,,,,,,,,,Fonctionnel,
AA-897-QG,AA-897-QG,YAMAHA,MOTORCYCLE,Moto,,nan,ZONE SUD,0,,,2026,,0,,10,0,,,,,,,,,,,Fonctionnel,
AA-891-QG,AA-891-QG,YAMAHA,MOTORCYCLE,Moto,,nan,ZONE SUD,0,,,2026,,0,,10,0,,,,,,,,,,,Fonctionnel,
AA-834-QG,AA-834-QG,YAMAHA,MOTORCYCLE,Moto,,nan,ZONE SUD,0,,,2026,,0,,10,0,,,,,,,,,,,Fonctionnel,
AA-885-QG,AA-885-QG,YAMAHA,MOTORCYCLE,Moto,,nan,ZONE SUD,0,,,2026,,0,,10,0,,,,,,,,,,,Fonctionnel,
AA-858-QG,AA-858-QG,YAMAHA,MOTORCYCLE,Moto,,nan,ZONE SUD,0,,,2026,,0,,10,0,,,,,,,,,,,Fonctionnel,
AA-814-QG,AA-814-QG,YAMAHA,MOTORCYCLE,Moto,,nan,ZONE SUD,0,,,2026,,0,,10,0,,,,,,,,,,,Fonctionnel,
AA-665-QG,AA-665-QG,YAMAHA,MOTORCYCLE,Moto,,nan,ZONE SUD,0,,,2026,,0,,10,0,,,,,,,,,,,Fonctionnel,
AA-299-TE,AA-299-TE,YAMAHA,MOTORCYCLE,Moto,,nan,ZONE SUD,0,,,2026,,0,,10,0,,,,,,,,,,,Fonctionnel,
AA-284-TE,AA-284-TE,YAMAHA,MOTORCYCLE,Moto,,nan,ZONE SUD,0,,,2026,,0,,10,0,,,,,,,,,,,Fonctionnel,
WV-IT-565,WV-IT-565,YAMAHA,MOTORCYCLE,Moto,,nan,ZONE CENTRE,0,,,2026,,0,,10,0,,,,,,,,,,,Fonctionnel,
WV-IT-661,WV-IT-661,YAMAHA,MOTORCYCLE,Moto,,nan,ZONE CENTRE,0,,,2026,,0,,10,0,,,,,,,,,,,Fonctionnel,
WV-IT-662,WV-IT-662,YAMAHA,MOTORCYCLE,Moto,,nan,ZONE CENTRE,0,,,2026,,0,,10,0,,,,,,,,,,,Fonctionnel,
AA-742-NW,AA-742-NW,YAMAHA,MOTORCYCLE,Moto,,nan,ZONE CENTRE,0,,,2026,,0,,10,0,,,,,,,,,,,Fonctionnel,
AA-658-NW,AA-658-NW,YAMAHA,MOTORCYCLE,Moto,,nan,ZONE CENTRE,0,,,2026,,0,,10,0,,,,,,,,,,,Fonctionnel,
AA-733-NW,AA-733-NW,YAMAHA,MOTORCYCLE,Moto,,nan,ZONE CENTRE,0,,,2026,,0,,10,0,,,,,,,,,,,Fonctionnel,
AA-968-NW,AA-968-NW,YAMAHA,MOTORCYCLE,Moto,,nan,ZONE CENTRE,0,,,2026,,0,,10,0,,,,,,,,,,,Fonctionnel,
WV-IT-690,WV-IT-690,YAMAHA,MOTORCYCLE,Moto,,nan,ZONE CENTRE,0,,,2026,,0,,10,0,,,,,,,,,,,Fonctionnel,
987297,987297,YAMAHA,MOTORCYCLE,Moto,987297,nan,ZONE CENTRE,0,,,2026,,0,,10,0,,,,,,,,,,,Fonctionnel,
987298,987298,YAMAHA,MOTORCYCLE,Moto,987298,nan,ZONE CENTRE,0,,,2026,,0,,10,0,,,,,,,,,,,Fonctionnel,
WV-IT-638,WV-IT-638,YAMAHA,MOTORCYCLE,Moto,LPBKE1355L0070119,Kaffrine,Zone Centre,0,,,2026,3/26/2020,0,Super,10,0,,,,,,,,,,,Fonctionnel,
WV-IT-637,WV-IT-637,YAMAHA,MOTORCYCLE,Moto,LPBKE1359L0070161,Kaffrine,Zone Centre,0,,,2026,3/26/2020,0,Super,10,0,,,,,,,,,,,Fonctionnel,
WV-IT-572,WV-IT-572,YAMAHA,MOTORCYCLE,Moto,,nan,ZONE CENTRE,0,,,2026,,0,,10,0,,,,,,,,,,,Fonctionnel,
WV-IT-489,WV-IT-489,TOYOTA,PRADO,Voiture,JTEBH9FJ005097849,Kolda,Zone Sud,12,Administration,2/2/2016,2016,,0,Gasoil,10,0,11/30/2026,BON,11/30/2027,2/1/2026,BON,2/1/2027,11/11/2026,BON,11/11/2027,BON,Non Fonctionnel,En panne
WV-IT-693,WV-IT-693,TOYOTA,PRADO,Voiture,JTEBR9FJ3OK335644,Kaffrine,Zone Centre,0,THRIVE DKR,,2026,3/5/2024,0,Gasoil,10,0,,NEUF,,2/1/2026,BON,2/1/2027,,BON,,BON,Fonctionnel,
WVIT694,WVIT694,TOYOTA,HILUX,Voiture,AHTKBBCD702987297,Kaffrine,Zone Centre,0,,,2026,12/12/2023,0,Gasoil,10,0,,,,,,,,,,,Fonctionnel,
AA-290-TE,AA-290-TE,YAMAHA,MOTORCYCLE,Moto,LBPKE1356R0088464,Kaffrine,Zone Centre,0,,,2026,,0,Super,10,0,,,,,,,,,,,Fonctionnel,
AA-296-TE,AA-296-TE,YAMAHA,MOTORCYCLE,Moto,LBPKE1353R0088513,Kaffrine,Zone Centre,0,,,2026,7/29/2024,0,Super,10,0,,,,,,,,,,,Fonctionnel,
WVIT-700,WVIT-700,TOYOTA,HILUX,Voiture,AHTDK9CD4000978860,Tamba,Zone Centre,12,AP Tamba,3/21/2025,2025,9/30/2024,0,Gasoil,10,0,,NEUF,,,BON,,,BON,,BON,Fonctionnel,
WV-IT-703,WV-IT-703,TOYOTA,LAND CRUISER,Voiture,JTEACAJ80K005787,DKR,BUREAU NATIONAL,11,Administration,3/21/2025,2025,9/30/2024,0,Gasoil,10,0,,NEUF,,2/1/2026,BON,2/1/2027,11/8/2026,BON,11/8/2027,BON,Fonctionnel,
WV-321,WV-321,TOYOTA,AVANZA,Voiture,MHFM1BE208K001455,DKR,BUREAU NATIONAL,11,National Director,6/24/2026,2026,12/2/2009,0,Super,10,0,6/24/2026,PASSER VISITE,6/24/2027,6/24/2026,PAS BON,6/24/2027,6/24/2026,BON,6/24/2027,PAS BON,Fonctionnel,Juste tn test
WVIT-576,WVIT-576,TOYOTA,HILUX,Voiture,AHTKK8CD100680185,Koungheul,ZONE CENTRE,12,,10/8/2020,2020,1/31/2020,0,Gasoil,10,0,,BON,,,BON,,,BON,,,Fonctionnel,
WVIT-701,WVIT-701,TOYOTA,HILUX,Voiture,AHTDK9CD000978788,Kolda,Zone Sud,12,,3/21/2025,2025,,0,Gasoil,10,0,,NEUF,,2/1/2026,BON,2/1/2027,,BON,,BON,Fonctionnel,
WVIT-702,WVIT-702,TOYOTA,HILUX,Voiture,AHTDK9CDX00978300,Kolda,Zone Sud,12,,3/21/2025,2025,,0,Gasoil,10,0,,,,,,,,,,,Fonctionnel,
WVIT-699,WVIT-699,TOYOTA,HILUX,Voiture,AHTDK9CD200978789,Kedougou,Zone Sud,12,,3/21/2025,2025,3/21/2025,0,Gasoil,10,0,,,,2/1/2026,BON,2/1/2027,,BON,,BON,Fonctionnel,
WVIT-681,WVIT-681,TOYOTA,PRADO,Voiture,JTEBR9FJ00K252124,DKR,BUREAU NATIONAL,11,Administration,5/30/2023,2023,,0,Gasoil,10,0,,BON,,2/1/2026,BON,2/1/2027,,BON,,BON,Fonctionnel,
